Aarón;8786678;Prueba890@gmail.com
Abdul;9879798;Prueba890@gmail.com
Abel;57768;Prueba890@gmail.com
Abelardo;54747457;Prueba890@gmail.com
Abraham;65856856;Prueba890@gmail.com
Adam;6585686;Prueba890@gmail.com
Adán;6585686;Prueba890@gmail.com
Adolfo;665865;Prueba890@gmail.com
Adrián;53737373;Prueba890@gmail.com
Adriano;6346436;Prueba890@gmail.com
Agustín;8585673573;Prueba890@gmail.com
Aladino;2562424;Prueba890@gmail.com
Alan;999996585;Prueba890@gmail.com
Alberto;9696795;Prueba890@gmail.com
Alejandro;54252;Prueba890@gmail.com
Alessandro;6599;Prueba890@gmail.com
Alexis;3566436;Prueba890@gmail.com
Alfonso;46346363;Prueba890@gmail.com
Alonso;6636434;Prueba890@gmail.com
Ãlvaro;6436363;Prueba890@gmail.com
Andrés;36346436;Prueba890@gmail.com
Angel;52466346;Prueba890@gmail.com
Antonio;55245245;Prueba890@gmail.com
Ariel;754745745;Prueba890@gmail.com
Armando;996796;Prueba890@gmail.com
Arturo;535253515;Prueba890@gmail.com
Augusto;763462554;Prueba890@gmail.com
Aurelio;4633643634;Prueba890@gmail.com
Baltazar;46346777;Prueba890@gmail.com
Bartolomé;74746;Prueba890@gmail.com
Belisario;74746;Prueba890@gmail.com
Benjamín;77674;Prueba890@gmail.com
Benedicto;865856856;Prueba890@gmail.com
Bernarndo;6585688;Prueba890@gmail.com
Boris;67788858;Prueba890@gmail.com
Braulio;98858468;Prueba890@gmail.com
Brian;7435756736;Prueba890@gmail.com
Bruno;54548900;Prueba890@gmail.com
Caín;2355255;Prueba890@gmail.com
Camilo;3211111;Prueba890@gmail.com
Carlos;4636464;Prueba890@gmail.com
Casimiro;45436346;Prueba890@gmail.com
César;9898965;Prueba890@gmail.com
Christian;52665600;Prueba890@gmail.com
Christopher / Cristóbal;90875543;Prueba890@gmail.com
Claudio;989765566;Prueba890@gmail.com
Clemente;78778787;Prueba890@gmail.com
Constancio;789799696;Prueba890@gmail.com
Constantino;5754767;Prueba890@gmail.com
Cristian;4553345;Prueba890@gmail.com
Cristóbal;34324324;Prueba890@gmail.com
Daniel;5656577;Prueba890@gmail.com
Dario;76797969;Prueba890@gmail.com
David;68568658;Prueba890@gmail.com
Diego;54654634;Prueba890@gmail.com
Domingo;34634653;Prueba890@gmail.com
Edgar;635635663;Prueba890@gmail.com
Eduardo;2341414;Prueba890@gmail.com
Elías;11418890078;Prueba890@gmail.com
Emilio;68467;Prueba890@gmail.com
Enrique;35735735;Prueba890@gmail.com
Ernesto;346364;Prueba890@gmail.com
Esteban;46363654;Prueba890@gmail.com
Eugenio;56886663;Prueba890@gmail.com
Ezequiel;464363265;Prueba890@gmail.com
Fabián;463626575;Prueba890@gmail.com
Federico;78988978;Prueba890@gmail.com
Felipe;7673636;Prueba890@gmail.com
Félix;34523567789;Prueba890@gmail.com
Fermín;542524524;Prueba890@gmail.com
Fernando;32888876;Prueba890@gmail.com
Fidel;932113;Prueba890@gmail.com
Francisco;11124314;Prueba890@gmail.com
Gabriel;343535;Prueba890@gmail.com
Gerardo;543546;Prueba890@gmail.com
Germán;643634;Prueba890@gmail.com
Gilberto;46363;Prueba890@gmail.com
Giovanni;5778978;Prueba890@gmail.com
Gonzalo;9698647;Prueba890@gmail.com
Gregorio;63574685;Prueba890@gmail.com
Guillermo;498896464;Prueba890@gmail.com
Gustavo;976878;Prueba890@gmail.com
Héctor;3245;Prueba890@gmail.com
Heriberto;78878084;Prueba890@gmail.com
Hugo;42546678;Prueba890@gmail.com
Hilario;9679679579;Prueba890@gmail.com
Humberto;7777747766;Prueba890@gmail.com
juan ;89070707;juan90@gmail.com
